{
  "project_info": {
    "project_number": "222681478767",
    "firebase_url": "https://sih-application-f5024.firebaseio.com",
    "project_id": "sih-application-f5024",
    "storage_bucket": "sih-application-f5024.appspot.com"
  },
  "client": [
    {
      "client_info": {
        "mobilesdk_app_id": "1:222681478767:android:c5c8f65ca7f38e64ffff9a",
        "android_client_info": {
          "package_name": "com.example.sihapplication"
        }
      },
      "oauth_client": [
        {
          "client_id": "222681478767-935p1jo8bq4eijesit1fjd0tlfie9r82.apps.googleusercontent.com",
          "client_type": 3
        }
      ],
      "api_key": [
        {
          "current_key": "AIzaSyB_5hjrFSi4WKPpAsHXp3lYWx10Gh9tJuc"
        }
      ],
      "services": {
        "appinvite_service": {
          "other_platform_oauth_client": [
            {
              "client_id": "222681478767-935p1jo8bq4eijesit1fjd0tlfie9r82.apps.googleusercontent.com",
              "client_type": 3
            }
          ]
        }
      }
    }
  ],
  "configuration_version": "1"
}